{
  "solution": [
    {
      "depot": "69",
      "routes": [
        "41",
        "32 0 79 30 78 26 45 37 39 65 70 5 2 63 42 25 10 76 15 9 44 34 8 47 19 14 31 6"
      ]
    },
    {
      "depot": "20",
      "routes": [
        "71",
        "46 62 1"
      ]
    },
    {
      "depot": "27",
      "routes": [
        "51",
        "23 61 11 48 12 55 72 29 64 75 3 68 28"
      ]
    },
    {
      "depot": "74",
      "routes": [
        "24 22 43 57 59 4 18 17 13 53 40 33 38 21 16 58 66 73 77 36 56 54 60 52 7",
        "35"
      ]
    },
    {
      "depot": "49",
      "routes": [
        "67",
        "50"
      ]
    }
  ]
}