{
  "solution": [
    {
      "depot": "77",
      "routes": [
        "17 70 5 25 42 10 15 16 21 38 58 33 66 73",
        "36"
      ]
    },
    {
      "depot": "55",
      "routes": [
        "72 29 64 12",
        "71"
      ]
    },
    {
      "depot": "18",
      "routes": [
        "4",
        "65"
      ]
    },
    {
      "depot": "22",
      "routes": [
        "61",
        "43"
      ]
    },
    {
      "depot": "35",
      "routes": [
        "7 52 60 27 51 54 56 13 53 40 76 9 44 34 8 47 19 6 14 31 63 2 41 69 50 49 37 57 23 74",
        "24 68 28 59 39 67 32 0 79 30 78 26 45 1 62 46 20 11 48 3 75"
      ]
    }
  ]
}