{
  "solution": [
    {
      "depot": "40",
      "routes": [
        "76 15 9 44 34 8 47 19 63 2 42 25 10 53",
        "13 5 17 70 39 65 18 4 59 57 68 24 3 75 35 74 7 52 60 27 51 54 56 36 77 73 66 58 16 21 38 33"
      ]
    },
    {
      "depot": "23",
      "routes": [
        "61 22 43",
        "28"
      ]
    },
    {
      "depot": "67",
      "routes": [
        "41 31 14 6 69 50 37 49",
        "0 32"
      ]
    },
    {
      "depot": "20",
      "routes": [
        "1 45 79 30 78 26 62",
        "11 48 12 71 55 64 29 72 46"
      ]
    }
  ]
}